{
  "id": "1476101",
  "name": "myIconfont",
  "font_family": "iconfont",
  "css_prefix_text": "icon-",
  "description": "",
  "glyphs": [
    {
      "icon_id": "15353",
      "name": "主页",
      "font_class": "zhuye",
      "unicode": "e63a",
      "unicode_decimal": 58938
    },
    {
      "icon_id": "392110",
      "name": "团队",
      "font_class": "86",
      "unicode": "e67c",
      "unicode_decimal": 59004
    },
    {
      "icon_id": "396490",
      "name": "置顶",
      "font_class": "zhiding",
      "unicode": "e66d",
      "unicode_decimal": 58989
    },
    {
      "icon_id": "688066",
      "name": "分类 功能 类目",
      "font_class": "fenleigongnengleimu",
      "unicode": "e76f",
      "unicode_decimal": 59247
    },
    {
      "icon_id": "833986",
      "name": "置顶",
      "font_class": "icon_top",
      "unicode": "e609",
      "unicode_decimal": 58889
    },
    {
      "icon_id": "838239",
      "name": "分类",
      "font_class": "fenlei",
      "unicode": "e612",
      "unicode_decimal": 58898
    },
    {
      "icon_id": "1215205",
      "name": "上传",
      "font_class": "iconfontzhizuobiaozhun0263",
      "unicode": "e6cd",
      "unicode_decimal": 59085
    },
    {
      "icon_id": "1239460",
      "name": "主页",
      "font_class": "home",
      "unicode": "e60e",
      "unicode_decimal": 58894
    },
    {
      "icon_id": "1422576",
      "name": "邮件",
      "font_class": "youjian",
      "unicode": "e655",
      "unicode_decimal": 58965
    },
    {
      "icon_id": "2542740",
      "name": "排行",
      "font_class": "paihang",
      "unicode": "e8e6",
      "unicode_decimal": 59622
    },
    {
      "icon_id": "3695416",
      "name": "精品",
      "font_class": "jingpin-",
      "unicode": "e600",
      "unicode_decimal": 58880
    },
    {
      "icon_id": "3764006",
      "name": "电话",
      "font_class": "weibiaoti-",
      "unicode": "e60d",
      "unicode_decimal": 58893
    },
    {
      "icon_id": "4320334",
      "name": "菜单",
      "font_class": "caidan",
      "unicode": "e653",
      "unicode_decimal": 58963
    },
    {
      "icon_id": "8790627",
      "name": "海量产品素材-01",
      "font_class": "hailiangchanpinsucai-",
      "unicode": "e647",
      "unicode_decimal": 58951
    }
  ]
}
